ID,Time
55,2025-04-10 01:13:16
55,2025-04-10 01:13:16
55,2025-04-10 01:13:16
55,2025-04-10 01:13:16
55,2025-04-10 01:13:16
55,2025-04-10 01:13:17
55,2025-04-10 01:13:17
55,2025-04-10 01:13:17
55,2025-04-10 01:13:17
55,2025-04-10 01:13:17
55,2025-04-10 01:13:17
55,2025-04-10 01:13:17
55,2025-04-10 01:13:17
55,2025-04-10 01:13:17
55,2025-04-10 01:13:17
55,2025-04-10 01:13:17
55,2025-04-10 01:13:17
55,2025-04-10 01:13:17
55,2025-04-10 01:13:17
55,2025-04-10 01:13:17
55,2025-04-10 01:13:17
55,2025-04-10 01:13:18
55,2025-04-10 01:13:18
55,2025-04-10 01:13:18
55,2025-04-10 01:13:18
55,2025-04-10 01:13:18
55,2025-04-10 01:13:18
55,2025-04-10 01:13:18
55,2025-04-10 01:13:18
55,2025-04-10 01:13:18
55,2025-04-10 01:13:18
55,2025-04-10 01:13:18
55,2025-04-10 01:13:18
55,2025-04-10 01:13:18
55,2025-04-10 01:13:18
55,2025-04-10 01:13:18
55,2025-04-10 01:13:18
55,2025-04-10 01:13:18
55,2025-04-10 01:13:19
55,2025-04-10 01:13:19
55,2025-04-10 01:13:19
55,2025-04-10 01:13:19
55,2025-04-10 01:13:19
55,2025-04-10 01:13:19
55,2025-04-10 01:13:19
55,2025-04-10 01:13:19
55,2025-04-10 01:13:19
55,2025-04-10 01:13:19
55,2025-04-10 01:13:19
55,2025-04-10 01:13:19
55,2025-04-10 01:13:19
55,2025-04-10 01:13:19
55,2025-04-10 01:13:19
55,2025-04-10 01:13:19
55,2025-04-10 01:13:20
55,2025-04-10 01:13:20
55,2025-04-10 01:13:20
55,2025-04-10 01:13:20
55,2025-04-10 01:13:20
55,2025-04-10 01:13:20
55,2025-04-10 01:13:20
55,2025-04-10 01:13:20
55,2025-04-10 01:13:20
55,2025-04-10 01:13:20
55,2025-04-10 01:13:20
55,2025-04-10 01:13:20
55,2025-04-10 01:13:20
55,2025-04-10 01:13:20
55,2025-04-10 01:13:20
55,2025-04-10 01:13:20
55,2025-04-10 01:13:21
55,2025-04-10 01:13:21
55,2025-04-10 01:13:21
55,2025-04-10 01:13:21
55,2025-04-10 01:13:21
55,2025-04-10 01:13:21
55,2025-04-10 01:13:21
55,2025-04-10 01:13:21
55,2025-04-10 01:13:21
55,2025-04-10 01:13:21
55,2025-04-10 01:13:21
55,2025-04-10 01:13:21
55,2025-04-10 01:13:21
55,2025-04-10 01:13:21
55,2025-04-10 01:13:21
55,2025-04-10 01:13:22
55,2025-04-10 01:13:22
55,2025-04-10 01:13:22
55,2025-04-10 01:13:22
55,2025-04-10 01:13:22
55,2025-04-10 01:13:22
55,2025-04-10 01:13:22
55,2025-04-10 01:13:22
55,2025-04-10 01:13:22
55,2025-04-10 01:13:22
55,2025-04-10 01:13:22
55,2025-04-10 01:13:22
55,2025-04-10 01:13:22
55,2025-04-10 01:13:22
55,2025-04-10 01:13:22
55,2025-04-10 01:13:23
55,2025-04-10 01:13:23
55,2025-04-10 01:13:23
55,2025-04-10 01:13:23
55,2025-04-10 01:13:23
55,2025-04-10 01:13:23
55,2025-04-10 01:13:23
55,2025-04-10 01:13:23
55,2025-04-10 01:13:23
55,2025-04-10 01:13:23
55,2025-04-10 01:13:23
55,2025-04-10 01:13:23
55,2025-04-10 01:13:23
55,2025-04-10 01:13:23
55,2025-04-10 01:13:23
55,2025-04-10 01:13:23
55,2025-04-10 01:13:23
55,2025-04-10 01:13:23
55,2025-04-10 01:13:24
55,2025-04-10 01:13:24
55,2025-04-10 01:13:24
55,2025-04-10 01:13:24
55,2025-04-10 01:13:24
55,2025-04-10 01:13:24
55,2025-04-10 01:13:24
55,2025-04-10 01:13:24
55,2025-04-10 01:13:24
55,2025-04-10 01:13:24
55,2025-04-10 01:13:24
55,2025-04-10 01:13:24
55,2025-04-10 01:13:24
55,2025-04-10 01:13:24
55,2025-04-10 01:13:24
55,2025-04-10 01:13:24
55,2025-04-10 01:13:24
55,2025-04-10 01:13:25
55,2025-04-10 01:13:25
55,2025-04-10 01:13:25
55,2025-04-10 01:13:25
55,2025-04-10 01:13:25
55,2025-04-10 01:13:25
55,2025-04-10 01:13:25
55,2025-04-10 01:13:25
55,2025-04-10 01:13:25
55,2025-04-10 01:13:25
55,2025-04-10 01:13:25
55,2025-04-10 01:13:25
55,2025-04-10 01:13:25
55,2025-04-10 01:13:25
55,2025-04-10 01:13:25
55,2025-04-10 01:13:25
55,2025-04-10 01:13:25
55,2025-04-10 01:13:25
55,2025-04-10 01:13:25
55,2025-04-10 01:13:26
55,2025-04-10 01:13:26
55,2025-04-10 01:13:26
55,2025-04-10 01:13:26
55,2025-04-10 01:13:26
55,2025-04-10 01:13:26
55,2025-04-10 01:13:26
55,2025-04-10 01:13:26
55,2025-04-10 01:13:26
55,2025-04-10 01:13:27
55,2025-04-10 01:13:27
55,2025-04-10 01:13:27
55,2025-04-10 01:13:27
55,2025-04-10 01:13:27
55,2025-04-10 01:13:27
55,2025-04-10 01:13:27
55,2025-04-10 01:13:27
55,2025-04-10 01:13:27
55,2025-04-10 01:13:27
55,2025-04-10 01:13:27
55,2025-04-10 01:13:27
55,2025-04-10 01:13:27
55,2025-04-10 01:13:27
55,2025-04-10 01:13:27
55,2025-04-10 01:13:28
55,2025-04-10 01:13:28
55,2025-04-10 01:13:28
55,2025-04-10 01:13:28
55,2025-04-10 01:13:28
55,2025-04-10 01:13:28
55,2025-04-10 01:13:28
55,2025-04-10 01:13:28
55,2025-04-10 01:13:28
55,2025-04-10 01:13:28
55,2025-04-10 01:13:28
55,2025-04-10 01:13:28
55,2025-04-10 01:13:28
55,2025-04-10 01:13:29
55,2025-04-10 01:13:29
55,2025-04-10 01:13:29
55,2025-04-10 01:13:29
55,2025-04-10 01:13:29
55,2025-04-10 01:13:29
55,2025-04-10 01:13:29
55,2025-04-10 01:13:29
55,2025-04-10 01:13:29
55,2025-04-10 01:13:29
55,2025-04-10 01:13:29
55,2025-04-10 01:13:29
55,2025-04-10 01:13:29
55,2025-04-10 01:13:29
55,2025-04-10 01:13:29
55,2025-04-10 01:13:30
55,2025-04-10 01:13:30
55,2025-04-10 01:13:30
55,2025-04-10 01:13:30
55,2025-04-10 01:13:30
55,2025-04-10 01:13:30
55,2025-04-10 01:13:30
55,2025-04-10 01:13:30
55,2025-04-10 01:13:30
55,2025-04-10 01:13:30
55,2025-04-10 01:13:30
55,2025-04-10 01:13:30
55,2025-04-10 01:13:30
55,2025-04-10 01:13:30
55,2025-04-10 01:13:30
55,2025-04-10 01:13:31
55,2025-04-10 01:13:31
55,2025-04-10 01:13:31
55,2025-04-10 01:13:31
55,2025-04-10 01:13:31
55,2025-04-10 01:13:31
55,2025-04-10 01:13:31
55,2025-04-10 01:13:31
55,2025-04-10 01:13:31
55,2025-04-10 01:13:31
55,2025-04-10 01:13:31
55,2025-04-10 01:13:31
55,2025-04-10 01:13:31
55,2025-04-10 01:13:31
55,2025-04-10 01:13:31
55,2025-04-10 01:13:32
55,2025-04-10 01:13:32
55,2025-04-10 01:13:32
55,2025-04-10 01:13:32
55,2025-04-10 01:13:32
55,2025-04-10 01:13:32
55,2025-04-10 01:13:32
55,2025-04-10 01:13:32
55,2025-04-10 01:13:32
55,2025-04-10 01:13:32
55,2025-04-10 01:13:32
55,2025-04-10 01:13:32
55,2025-04-10 01:13:32
55,2025-04-10 01:13:32
55,2025-04-10 01:13:32
55,2025-04-10 01:13:32
55,2025-04-10 01:13:33
55,2025-04-10 01:13:33
55,2025-04-10 01:13:33
55,2025-04-10 01:13:33
55,2025-04-10 01:13:33
55,2025-04-10 01:13:33
55,2025-04-10 01:13:33
55,2025-04-10 01:13:33
55,2025-04-10 01:13:33
55,2025-04-10 01:13:33
55,2025-04-10 01:13:33
55,2025-04-10 01:13:33
55,2025-04-10 01:13:33
55,2025-04-10 01:13:33
55,2025-04-10 01:13:33
55,2025-04-10 01:13:34
55,2025-04-10 01:13:34
55,2025-04-10 01:13:34
55,2025-04-10 01:13:34
55,2025-04-10 01:13:34
55,2025-04-10 01:13:34
55,2025-04-10 01:13:34
55,2025-04-10 01:13:34
55,2025-04-10 01:13:34
55,2025-04-10 01:13:34
55,2025-04-10 01:13:34
55,2025-04-10 01:13:34
55,2025-04-10 01:13:34
55,2025-04-10 01:13:34
55,2025-04-10 01:13:35
55,2025-04-10 01:13:35
55,2025-04-10 01:13:35
55,2025-04-10 01:13:35
55,2025-04-10 01:13:35
55,2025-04-10 01:13:35
55,2025-04-10 01:13:35
55,2025-04-10 01:13:35
55,2025-04-10 01:13:35
55,2025-04-10 01:13:35
55,2025-04-10 01:13:35
55,2025-04-10 01:13:35
55,2025-04-10 01:13:35
55,2025-04-10 01:13:35
55,2025-04-10 01:13:36
55,2025-04-10 01:13:36
55,2025-04-10 01:13:36
55,2025-04-10 01:13:36
55,2025-04-10 01:13:36
55,2025-04-10 01:13:36
55,2025-04-10 01:13:36
55,2025-04-10 01:13:36
55,2025-04-10 01:13:36
55,2025-04-10 01:13:36
55,2025-04-10 01:13:36
55,2025-04-10 01:13:36
55,2025-04-10 01:13:36
55,2025-04-10 01:13:36
55,2025-04-10 01:13:37
55,2025-04-10 01:13:37
55,2025-04-10 01:13:37
55,2025-04-10 01:13:37
55,2025-04-10 01:13:51
55,2025-04-10 01:13:51
55,2025-04-10 01:13:51
55,2025-04-10 01:13:51
55,2025-04-10 01:13:51
55,2025-04-10 01:13:51
55,2025-04-10 01:13:51
55,2025-04-10 01:13:51
55,2025-04-10 01:13:51
55,2025-04-10 01:13:55
55,2025-04-10 01:13:55
55,2025-04-10 01:13:55
55,2025-04-10 01:13:55
55,2025-04-10 01:13:55
55,2025-04-10 01:13:55
55,2025-04-10 01:13:55
55,2025-04-10 01:13:55
55,2025-04-10 01:13:55
55,2025-04-10 01:13:55
55,2025-04-10 01:13:55
55,2025-04-10 01:13:55
55,2025-04-10 01:13:55
55,2025-04-10 01:13:55
55,2025-04-10 01:13:55
55,2025-04-10 01:13:56
55,2025-04-10 01:13:56
55,2025-04-10 01:13:56
55,2025-04-10 01:13:56
55,2025-04-10 01:13:56
55,2025-04-10 01:13:56
55,2025-04-10 01:13:56
55,2025-04-10 01:13:56
55,2025-04-10 01:13:56
55,2025-04-10 01:13:56
55,2025-04-10 01:13:56
55,2025-04-10 01:13:56
55,2025-04-10 01:13:56
55,2025-04-10 01:13:56
55,2025-04-10 01:13:57
55,2025-04-10 01:13:57
55,2025-04-10 01:13:57
55,2025-04-10 01:13:57
55,2025-04-10 01:13:57
55,2025-04-10 01:13:57
55,2025-04-10 01:13:57
55,2025-04-10 01:13:57
55,2025-04-10 01:13:57
55,2025-04-10 01:13:57
55,2025-04-10 01:13:57
55,2025-04-10 01:13:57
55,2025-04-10 01:13:57
55,2025-04-10 01:13:57
55,2025-04-10 01:13:57
55,2025-04-10 01:13:57
55,2025-04-10 01:13:57
55,2025-04-10 01:13:58
55,2025-04-10 01:13:58
55,2025-04-10 01:13:58
55,2025-04-10 01:13:58
55,2025-04-10 01:13:58
55,2025-04-10 01:13:58
55,2025-04-10 01:13:58
55,2025-04-10 01:13:58
55,2025-04-10 01:13:58
55,2025-04-10 01:13:58
55,2025-04-10 01:13:58
55,2025-04-10 01:13:58
55,2025-04-10 01:13:58
55,2025-04-10 01:13:59
55,2025-04-10 01:13:59
55,2025-04-10 01:13:59
55,2025-04-10 01:13:59
55,2025-04-10 01:13:59
55,2025-04-10 01:13:59
55,2025-04-10 01:13:59
55,2025-04-10 01:13:59
55,2025-04-10 01:13:59
55,2025-04-10 01:13:59
55,2025-04-10 01:13:59
55,2025-04-10 01:14:00
55,2025-04-10 01:14:00
55,2025-04-10 01:14:00
55,2025-04-10 01:14:00
55,2025-04-10 01:14:00
55,2025-04-10 01:14:00
55,2025-04-10 01:14:00
55,2025-04-10 01:14:00
55,2025-04-10 01:14:00
55,2025-04-10 01:14:00
55,2025-04-10 01:14:00
55,2025-04-10 01:14:00
55,2025-04-10 01:14:01
55,2025-04-10 01:14:01
55,2025-04-10 01:14:01
55,2025-04-10 01:14:01
55,2025-04-10 01:14:01
55,2025-04-10 01:14:01
55,2025-04-10 01:14:01
55,2025-04-10 01:14:01
55,2025-04-10 01:14:01
55,2025-04-10 01:14:01
55,2025-04-10 01:14:02
55,2025-04-10 01:14:02
55,2025-04-10 01:14:02
55,2025-04-10 01:14:02
55,2025-04-10 01:14:02
55,2025-04-10 01:14:02
55,2025-04-10 01:14:02
55,2025-04-10 01:14:02
55,2025-04-10 01:14:02
55,2025-04-10 01:14:02
55,2025-04-10 01:14:02
55,2025-04-10 01:14:03
55,2025-04-10 01:14:03
55,2025-04-10 01:14:03
55,2025-04-10 01:14:03
55,2025-04-10 01:14:03
55,2025-04-10 01:14:03
55,2025-04-10 01:14:03
55,2025-04-10 01:14:03
55,2025-04-10 01:14:03
55,2025-04-10 01:14:03
55,2025-04-10 01:14:03
55,2025-04-10 01:14:04
55,2025-04-10 01:14:04
55,2025-04-10 01:14:04
55,2025-04-10 01:14:04
55,2025-04-10 01:14:04
55,2025-04-10 01:14:04
55,2025-04-10 01:14:04
55,2025-04-10 01:14:04
55,2025-04-10 01:14:04
55,2025-04-10 01:14:04
55,2025-04-10 01:14:05
55,2025-04-10 01:14:05
55,2025-04-10 01:14:05
55,2025-04-10 01:14:05
55,2025-04-10 01:14:05
55,2025-04-10 01:14:06
55,2025-04-10 01:14:06
55,2025-04-10 01:14:07
55,2025-04-10 01:14:07
55,2025-04-10 01:14:08
55,2025-04-10 01:14:08
55,2025-04-10 01:14:09
55,2025-04-10 01:14:10
55,2025-04-10 01:14:11
55,2025-04-10 01:14:11
55,2025-04-10 01:14:11
55,2025-04-10 01:14:11
55,2025-04-10 01:14:11
55,2025-04-10 01:14:12
55,2025-04-10 01:14:12
55,2025-04-10 01:14:12
55,2025-04-10 01:14:12
55,2025-04-10 01:14:12
55,2025-04-10 01:14:12
55,2025-04-10 01:14:13
55,2025-04-10 01:14:13
55,2025-04-10 01:14:13
55,2025-04-10 01:14:13
55,2025-04-10 01:14:13
55,2025-04-10 01:14:13
55,2025-04-10 01:14:14
55,2025-04-10 01:14:14
55,2025-04-10 01:14:14
55,2025-04-10 01:14:14
55,2025-04-10 01:14:14
55,2025-04-10 01:14:15
55,2025-04-10 01:14:15
55,2025-04-10 01:14:15
55,2025-04-10 01:14:15
55,2025-04-10 01:14:15
55,2025-04-10 01:14:15
55,2025-04-10 01:14:16
55,2025-04-10 01:14:16
55,2025-04-10 01:14:19
55,2025-04-10 01:14:19
55,2025-04-10 01:14:19
55,2025-04-10 01:14:19
55,2025-04-10 01:14:20
55,2025-04-10 01:14:20
55,2025-04-10 01:14:20
55,2025-04-10 01:14:20
55,2025-04-10 01:14:21
55,2025-04-10 01:14:21
55,2025-04-10 01:14:21
55,2025-04-10 01:14:21
55,2025-04-10 01:14:21
55,2025-04-10 01:14:21
55,2025-04-10 01:14:21
55,2025-04-10 01:14:21
55,2025-04-10 01:14:22
55,2025-04-10 01:14:22
55,2025-04-10 01:14:22
55,2025-04-10 01:14:22
55,2025-04-10 01:14:22
55,2025-04-10 01:14:22
55,2025-04-10 01:14:22
55,2025-04-10 01:14:23
55,2025-04-10 01:14:23
55,2025-04-10 01:14:23
55,2025-04-10 01:14:23
55,2025-04-10 01:14:23
55,2025-04-10 01:14:23
55,2025-04-10 01:14:23
55,2025-04-10 01:14:24
55,2025-04-10 01:14:24
55,2025-04-10 01:14:24
55,2025-04-10 01:14:24
55,2025-04-10 01:14:24
55,2025-04-10 01:14:24
55,2025-04-10 01:14:24
55,2025-04-10 01:14:25
55,2025-04-10 01:14:25
55,2025-04-10 01:14:25
55,2025-04-10 01:14:25
55,2025-04-10 01:14:25
55,2025-04-10 01:14:25
55,2025-04-10 01:14:25
55,2025-04-10 01:14:26
55,2025-04-10 01:14:26
55,2025-04-10 01:14:26
55,2025-04-10 01:14:26
55,2025-04-10 01:14:26
55,2025-04-10 01:14:26
55,2025-04-10 01:14:26
55,2025-04-10 01:14:26
55,2025-04-10 01:14:27
55,2025-04-10 01:14:27
55,2025-04-10 01:14:27
55,2025-04-10 01:14:27
55,2025-04-10 01:14:27
55,2025-04-10 01:14:28
55,2025-04-10 01:14:28
55,2025-04-10 01:14:28
55,2025-04-10 01:14:28
55,2025-04-10 01:14:28
55,2025-04-10 01:14:28
55,2025-04-10 01:14:28
55,2025-04-10 01:14:29
55,2025-04-10 01:14:29
55,2025-04-10 01:14:29
55,2025-04-10 01:14:29
55,2025-04-10 01:14:29
55,2025-04-10 01:14:29
55,2025-04-10 01:14:29
55,2025-04-10 01:14:30
55,2025-04-10 01:14:37
55,2025-04-10 01:14:37
55,2025-04-10 01:14:38
55,2025-04-10 01:14:38
55,2025-04-10 01:14:38
55,2025-04-10 01:14:38
55,2025-04-10 01:14:38
55,2025-04-10 01:14:38
55,2025-04-10 01:14:39
55,2025-04-10 01:14:40
55,2025-04-10 01:14:40
55,2025-04-10 01:14:41
55,2025-04-10 01:14:41
55,2025-04-10 01:14:41
55,2025-04-10 01:14:41
55,2025-04-10 01:14:42
55,2025-04-10 01:14:42
55,2025-04-10 01:14:42
55,2025-04-10 01:14:42
55,2025-04-10 01:14:42
55,2025-04-10 01:14:42
55,2025-04-10 01:14:45
55,2025-04-10 01:14:45
55,2025-04-10 01:14:45
55,2025-04-10 01:14:45
55,2025-04-10 01:14:46
55,2025-04-10 01:14:46
55,2025-04-10 01:14:46
55,2025-04-10 01:14:46
55,2025-04-10 01:14:46
55,2025-04-10 01:14:47
55,2025-04-10 01:14:48
55,2025-04-10 01:14:48
55,2025-04-10 01:14:48
55,2025-04-10 01:14:48
55,2025-04-10 01:14:49
55,2025-04-10 01:14:49
55,2025-04-10 01:14:49
55,2025-04-10 01:14:49
55,2025-04-10 01:14:49
55,2025-04-10 01:14:49
55,2025-04-10 01:14:50
55,2025-04-10 01:14:50
55,2025-04-10 01:14:50
55,2025-04-10 01:14:50
55,2025-04-10 01:14:50
55,2025-04-10 01:14:50
55,2025-04-10 01:14:50
55,2025-04-10 01:14:50
55,2025-04-10 01:14:51
55,2025-04-10 01:14:51
55,2025-04-10 01:14:51
55,2025-04-10 01:14:51
55,2025-04-10 01:14:51
55,2025-04-10 01:14:52
55,2025-04-10 01:14:52
55,2025-04-10 01:14:52
55,2025-04-10 01:14:53
55,2025-04-10 01:14:53
55,2025-04-10 01:14:53
55,2025-04-10 01:14:53
55,2025-04-10 01:14:53
55,2025-04-10 01:14:53
55,2025-04-10 01:14:53
55,2025-04-10 01:14:54
55,2025-04-10 01:14:54
55,2025-04-10 01:14:54
55,2025-04-10 01:14:54
55,2025-04-10 01:14:54
55,2025-04-10 01:14:54
55,2025-04-10 01:14:54
55,2025-04-10 01:14:55
55,2025-04-10 01:14:55
55,2025-04-10 01:14:55
55,2025-04-10 01:14:55
55,2025-04-10 01:14:55
55,2025-04-10 01:14:55
55,2025-04-10 01:14:55
55,2025-04-10 01:14:56
55,2025-04-10 01:14:56
55,2025-04-10 01:14:56
55,2025-04-10 01:14:56
55,2025-04-10 01:14:56
55,2025-04-10 01:14:57
55,2025-04-10 01:14:57
55,2025-04-10 01:14:57
55,2025-04-10 01:14:57
55,2025-04-10 01:14:57
55,2025-04-10 01:14:57
55,2025-04-10 01:14:58
55,2025-04-10 01:14:58
55,2025-04-10 01:14:58
55,2025-04-10 01:14:58
55,2025-04-10 01:14:58
55,2025-04-10 01:14:59
55,2025-04-10 01:14:59
55,2025-04-10 01:14:59
55,2025-04-10 01:14:59
55,2025-04-10 01:15:00
55,2025-04-10 01:15:00
55,2025-04-10 01:15:00
55,2025-04-10 01:15:00
55,2025-04-10 01:15:00
55,2025-04-10 01:15:00
55,2025-04-10 01:15:00
55,2025-04-10 01:15:01
55,2025-04-10 01:15:01
55,2025-04-10 01:15:01
55,2025-04-10 01:15:01
55,2025-04-10 01:15:01
55,2025-04-10 01:15:01
55,2025-04-10 01:15:01
55,2025-04-10 01:15:02
55,2025-04-10 01:15:02
55,2025-04-10 01:15:02
55,2025-04-10 01:15:04
55,2025-04-10 01:15:04
55,2025-04-10 01:15:04
55,2025-04-10 01:15:04
55,2025-04-10 01:15:05
55,2025-04-10 01:15:05
55,2025-04-10 01:15:05
55,2025-04-10 01:15:05
55,2025-04-10 01:15:06
55,2025-04-10 01:15:06
55,2025-04-10 01:15:06
55,2025-04-10 01:15:06
55,2025-04-10 01:15:06
55,2025-04-10 01:15:06
55,2025-04-10 01:15:07
55,2025-04-10 01:15:08
55,2025-04-10 01:15:08
55,2025-04-10 01:15:09
55,2025-04-10 01:15:09
55,2025-04-10 01:15:09
55,2025-04-10 01:15:09
55,2025-04-10 01:15:09
55,2025-04-10 01:15:10
55,2025-04-10 01:15:10
55,2025-04-10 01:15:10
55,2025-04-10 01:15:10
55,2025-04-10 01:15:10
55,2025-04-10 01:15:10
55,2025-04-10 01:15:11
55,2025-04-10 01:15:11
55,2025-04-10 01:15:11
55,2025-04-10 01:15:11
55,2025-04-10 01:15:11
55,2025-04-10 01:15:11
55,2025-04-10 01:15:11
55,2025-04-10 01:15:12
55,2025-04-10 01:15:12
55,2025-04-10 01:15:12
55,2025-04-10 01:15:12
55,2025-04-10 01:15:12
55,2025-04-10 01:15:12
55,2025-04-10 01:15:12
55,2025-04-10 01:15:13
55,2025-04-10 01:15:13
55,2025-04-10 01:15:13
55,2025-04-10 01:15:13
55,2025-04-10 01:15:13
55,2025-04-10 01:15:13
55,2025-04-10 01:15:13
55,2025-04-10 01:15:14
55,2025-04-10 01:15:14
55,2025-04-10 01:15:14
55,2025-04-10 01:15:14
55,2025-04-10 01:15:14
55,2025-04-10 01:15:14
55,2025-04-10 01:15:14
55,2025-04-10 01:15:15
55,2025-04-10 01:15:15
55,2025-04-10 01:15:15
55,2025-04-10 01:15:15
55,2025-04-10 01:15:15
55,2025-04-10 01:15:15
55,2025-04-10 01:15:15
55,2025-04-10 01:15:15
55,2025-04-10 01:15:16
55,2025-04-10 01:15:16
55,2025-04-10 01:15:16
55,2025-04-10 01:15:16
55,2025-04-10 01:15:16
55,2025-04-10 01:15:16
55,2025-04-10 01:15:16
55,2025-04-10 01:15:17
55,2025-04-10 01:15:17
55,2025-04-10 01:15:17
55,2025-04-10 01:15:17
55,2025-04-10 01:15:17
55,2025-04-10 01:15:17
55,2025-04-10 01:15:17
55,2025-04-10 01:15:18
55,2025-04-10 01:15:18
55,2025-04-10 01:15:18
55,2025-04-10 01:15:18
55,2025-04-10 01:15:18
55,2025-04-10 01:15:18
55,2025-04-10 01:15:18
55,2025-04-10 01:15:18
55,2025-04-10 01:15:19
55,2025-04-10 01:15:19
55,2025-04-10 01:15:19
55,2025-04-10 01:15:19
55,2025-04-10 01:15:19
55,2025-04-10 01:15:19
55,2025-04-10 01:15:20
55,2025-04-10 01:15:20
55,2025-04-10 01:15:20
55,2025-04-10 01:15:20
55,2025-04-10 01:15:20
55,2025-04-10 01:15:20
55,2025-04-10 01:15:20
55,2025-04-10 01:15:21
55,2025-04-10 01:15:21
55,2025-04-10 01:15:21
55,2025-04-10 01:15:21
55,2025-04-10 01:15:22
55,2025-04-10 01:15:22
55,2025-04-10 01:15:22
55,2025-04-10 01:15:23
55,2025-04-10 01:15:23
55,2025-04-10 01:15:23
55,2025-04-10 01:15:23
55,2025-04-10 01:15:23
55,2025-04-10 01:15:23
55,2025-04-10 01:15:23
55,2025-04-10 01:15:24
55,2025-04-10 01:15:24
55,2025-04-10 01:15:24
55,2025-04-10 01:15:24
55,2025-04-10 01:15:24
55,2025-04-10 01:15:24
55,2025-04-10 01:15:25
55,2025-04-10 01:15:25
55,2025-04-10 01:15:25
55,2025-04-10 01:15:25
55,2025-04-10 01:15:25
55,2025-04-10 01:15:25
55,2025-04-10 01:15:25
55,2025-04-10 01:15:26
55,2025-04-10 01:15:26
55,2025-04-10 01:15:26
55,2025-04-10 01:15:26
55,2025-04-10 01:15:26
55,2025-04-10 01:15:26
55,2025-04-10 01:15:26
55,2025-04-10 01:15:27
55,2025-04-10 01:15:27
55,2025-04-10 01:15:27
55,2025-04-10 01:15:27
55,2025-04-10 01:15:27
55,2025-04-10 01:15:27
55,2025-04-10 01:15:27
55,2025-04-10 01:15:28
55,2025-04-10 01:15:28
55,2025-04-10 01:15:28
55,2025-04-10 01:15:28
55,2025-04-10 01:15:28
55,2025-04-10 01:15:28
55,2025-04-10 01:15:28
55,2025-04-10 01:15:29
55,2025-04-10 01:15:29
55,2025-04-10 01:15:29
55,2025-04-10 01:15:29
55,2025-04-10 01:15:29
55,2025-04-10 01:15:29
55,2025-04-10 01:15:29
55,2025-04-10 01:15:30
55,2025-04-10 01:15:30
55,2025-04-10 01:15:30
55,2025-04-10 01:15:30
55,2025-04-10 01:15:30
55,2025-04-10 01:15:30
55,2025-04-10 01:15:31
55,2025-04-10 01:15:31
55,2025-04-10 01:15:31
55,2025-04-10 01:15:31
55,2025-04-10 01:15:31
55,2025-04-10 01:15:31
55,2025-04-10 01:15:31
55,2025-04-10 01:15:32
55,2025-04-10 01:15:32
55,2025-04-10 01:15:32
55,2025-04-10 01:15:32
55,2025-04-10 01:15:32
55,2025-04-10 01:15:32
55,2025-04-10 01:15:32
55,2025-04-10 01:15:33
55,2025-04-10 01:15:33
55,2025-04-10 01:15:33
55,2025-04-10 01:15:33
55,2025-04-10 01:15:33
55,2025-04-10 01:15:33
55,2025-04-10 01:15:33
55,2025-04-10 01:15:34
55,2025-04-10 01:15:34
55,2025-04-10 01:15:36
55,2025-04-10 01:15:36
55,2025-04-10 01:15:36
55,2025-04-10 01:15:37
55,2025-04-10 01:15:37
55,2025-04-10 01:15:37
55,2025-04-10 01:15:37
55,2025-04-10 01:15:40
55,2025-04-10 01:15:41
55,2025-04-10 01:15:41
55,2025-04-10 01:15:41
55,2025-04-10 01:15:41
55,2025-04-10 01:15:42
55,2025-04-10 01:15:42
55,2025-04-10 01:15:43
55,2025-04-10 01:15:43
55,2025-04-10 01:15:44
55,2025-04-10 01:15:46
55,2025-04-10 01:15:46
55,2025-04-10 01:15:47
55,2025-04-10 01:15:47
55,2025-04-10 01:15:47
55,2025-04-10 01:15:47
55,2025-04-10 01:15:47
55,2025-04-10 01:15:47
55,2025-04-10 01:15:48
55,2025-04-10 01:15:48
55,2025-04-10 01:15:48
55,2025-04-10 01:15:48
55,2025-04-10 01:15:48
55,2025-04-10 01:15:48
55,2025-04-10 01:15:48
55,2025-04-10 01:15:49
55,2025-04-10 01:15:49
55,2025-04-10 01:15:49
55,2025-04-10 01:15:49
55,2025-04-10 01:15:49
55,2025-04-10 01:15:49
55,2025-04-10 01:15:49
55,2025-04-10 01:15:49
55,2025-04-10 01:15:49
55,2025-04-10 01:15:49
55,2025-04-10 01:15:49
55,2025-04-10 01:15:49
55,2025-04-10 01:15:49
55,2025-04-10 01:15:50
55,2025-04-10 01:15:50
55,2025-04-10 01:15:50
55,2025-04-10 01:15:50
55,2025-04-10 01:15:50
55,2025-04-10 01:15:50
55,2025-04-10 01:15:50
55,2025-04-10 01:15:50
55,2025-04-10 01:15:50
55,2025-04-10 01:15:50
55,2025-04-10 01:15:50
55,2025-04-10 01:15:50
55,2025-04-10 01:15:51
55,2025-04-10 01:15:51
55,2025-04-10 01:15:51
55,2025-04-10 01:15:51
55,2025-04-10 01:15:51
55,2025-04-10 01:15:51
55,2025-04-10 01:15:51
55,2025-04-10 01:15:51
55,2025-04-10 01:15:52
55,2025-04-10 01:15:52
55,2025-04-10 01:15:52
55,2025-04-10 01:15:52
55,2025-04-10 01:15:52
55,2025-04-10 01:15:52
55,2025-04-10 01:15:52
55,2025-04-10 01:15:52
55,2025-04-10 01:15:52
55,2025-04-10 01:15:52
55,2025-04-10 01:15:52
55,2025-04-10 01:15:52
55,2025-04-10 01:15:52
55,2025-04-10 01:15:53
55,2025-04-10 01:15:53
55,2025-04-10 01:15:53
55,2025-04-10 01:15:53
55,2025-04-10 01:15:53
55,2025-04-10 01:15:53
55,2025-04-10 01:15:53
55,2025-04-10 01:15:53
55,2025-04-10 01:15:53
55,2025-04-10 01:15:53
55,2025-04-10 01:15:53
55,2025-04-10 01:15:53
55,2025-04-10 01:15:53
55,2025-04-10 01:15:53
55,2025-04-10 01:15:54
55,2025-04-10 01:15:54
55,2025-04-10 01:15:54
55,2025-04-10 01:15:54
55,2025-04-10 01:15:54
55,2025-04-10 01:15:54
55,2025-04-10 01:15:54
55,2025-04-10 01:15:54
55,2025-04-10 01:15:54
55,2025-04-10 01:15:54
55,2025-04-10 01:15:54
55,2025-04-10 01:15:54
55,2025-04-10 01:15:54
55,2025-04-10 01:15:54
55,2025-04-10 01:15:54
55,2025-04-10 01:15:55
55,2025-04-10 01:15:55
55,2025-04-10 01:15:55
55,2025-04-10 01:15:55
55,2025-04-10 01:15:55
55,2025-04-10 01:15:55
55,2025-04-10 01:15:55
55,2025-04-10 01:15:55
55,2025-04-10 01:15:55
55,2025-04-10 01:15:55
55,2025-04-10 01:15:55
55,2025-04-10 01:15:55
55,2025-04-10 01:15:55
55,2025-04-10 01:15:55
55,2025-04-10 01:15:55
55,2025-04-10 01:15:56
55,2025-04-10 01:15:56
55,2025-04-10 01:15:56
55,2025-04-10 01:15:56
55,2025-04-10 01:15:56
55,2025-04-10 01:15:56
55,2025-04-10 01:15:56
55,2025-04-10 01:15:56
55,2025-04-10 01:15:56
55,2025-04-10 01:15:56
55,2025-04-10 01:15:56
55,2025-04-10 01:15:56
55,2025-04-10 01:15:56
55,2025-04-10 01:15:56
55,2025-04-10 01:15:56
55,2025-04-10 01:15:57
55,2025-04-10 01:15:57
55,2025-04-10 01:15:57
55,2025-04-10 01:15:57
55,2025-04-10 01:15:57
55,2025-04-10 01:15:57
55,2025-04-10 01:15:57
55,2025-04-10 01:15:57
55,2025-04-10 01:15:57
55,2025-04-10 01:15:57
55,2025-04-10 01:15:57
55,2025-04-10 01:15:57
55,2025-04-10 01:15:57
55,2025-04-10 01:15:57
55,2025-04-10 01:15:57
55,2025-04-10 01:15:58
55,2025-04-10 01:15:58
55,2025-04-10 01:15:58
55,2025-04-10 01:15:58
55,2025-04-10 01:15:58
55,2025-04-10 01:15:58
55,2025-04-10 01:15:58
55,2025-04-10 01:15:58
55,2025-04-10 01:15:58
55,2025-04-10 01:15:58
55,2025-04-10 01:15:58
55,2025-04-10 01:15:58
55,2025-04-10 01:15:58
55,2025-04-10 01:15:58
55,2025-04-10 01:15:59
55,2025-04-10 01:15:59
55,2025-04-10 01:15:59
55,2025-04-10 01:15:59
55,2025-04-10 01:15:59
55,2025-04-10 01:15:59
55,2025-04-10 01:15:59
55,2025-04-10 01:15:59
55,2025-04-10 01:15:59
55,2025-04-10 01:15:59
55,2025-04-10 01:15:59
55,2025-04-10 01:15:59
55,2025-04-10 01:15:59
55,2025-04-10 01:15:59
55,2025-04-10 01:16:00
55,2025-04-10 01:16:00
55,2025-04-10 01:16:00
55,2025-04-10 01:16:00
55,2025-04-10 01:16:00
55,2025-04-10 01:16:00
55,2025-04-10 01:16:00
55,2025-04-10 01:16:00
55,2025-04-10 01:16:00
55,2025-04-10 01:16:00
55,2025-04-10 01:16:00
55,2025-04-10 01:16:00
55,2025-04-10 01:16:00
55,2025-04-10 01:16:00
55,2025-04-10 01:16:00
55,2025-04-10 01:16:00
55,2025-04-10 01:16:01
55,2025-04-10 01:16:01
55,2025-04-10 01:16:01
55,2025-04-10 01:16:01
55,2025-04-10 01:16:01
55,2025-04-10 01:16:01
55,2025-04-10 01:16:01
55,2025-04-10 01:16:01
55,2025-04-10 01:16:01
55,2025-04-10 01:16:01
55,2025-04-10 01:16:01
55,2025-04-10 01:16:01
55,2025-04-10 01:16:01
55,2025-04-10 01:16:01
55,2025-04-10 01:16:01
55,2025-04-10 01:16:02
55,2025-04-10 01:16:02
55,2025-04-10 01:16:02
55,2025-04-10 01:16:02
55,2025-04-10 01:16:02
55,2025-04-10 01:16:02
55,2025-04-10 01:16:02
55,2025-04-10 01:16:03
55,2025-04-10 01:16:03
55,2025-04-10 01:16:03
55,2025-04-10 01:16:04
55,2025-04-10 01:16:04
55,2025-04-10 01:16:04
55,2025-04-10 01:16:04
55,2025-04-10 01:16:04
55,2025-04-10 01:16:04
55,2025-04-10 01:16:04
55,2025-04-10 01:16:04
55,2025-04-10 01:16:04
55,2025-04-10 01:16:05
55,2025-04-10 01:16:05
55,2025-04-10 01:16:05
55,2025-04-10 01:16:05
55,2025-04-10 01:16:05
55,2025-04-10 01:16:05
55,2025-04-10 01:16:05
55,2025-04-10 01:16:05
55,2025-04-10 01:16:06
55,2025-04-10 01:16:06
55,2025-04-10 01:16:06
55,2025-04-10 01:16:06
55,2025-04-10 01:16:06
55,2025-04-10 01:16:06
55,2025-04-10 01:16:06
55,2025-04-10 01:16:06
55,2025-04-10 01:16:06
55,2025-04-10 01:16:06
55,2025-04-10 01:16:06
55,2025-04-10 01:16:06
55,2025-04-10 01:16:07
55,2025-04-10 01:16:07
55,2025-04-10 01:16:07
55,2025-04-10 01:16:07
55,2025-04-10 01:16:07
55,2025-04-10 01:16:07
55,2025-04-10 01:16:07
55,2025-04-10 01:16:07
55,2025-04-10 01:16:07
55,2025-04-10 01:16:07
55,2025-04-10 01:16:07
55,2025-04-10 01:16:07
55,2025-04-10 01:16:08
55,2025-04-10 01:16:08
55,2025-04-10 01:16:08
55,2025-04-10 01:16:08
55,2025-04-10 01:16:08
55,2025-04-10 01:16:08
55,2025-04-10 01:16:08
55,2025-04-10 01:16:08
55,2025-04-10 01:16:08
55,2025-04-10 01:16:08
55,2025-04-10 01:16:08
55,2025-04-10 01:16:08
55,2025-04-10 01:16:09
55,2025-04-10 01:16:09
55,2025-04-10 01:16:09
55,2025-04-10 01:16:09
55,2025-04-10 01:16:09
55,2025-04-10 01:16:09
55,2025-04-10 01:16:09
55,2025-04-10 01:16:09
55,2025-04-10 01:16:09
55,2025-04-10 01:16:09
55,2025-04-10 01:16:09
55,2025-04-10 01:16:09
55,2025-04-10 01:16:09
55,2025-04-10 01:16:09
55,2025-04-10 01:16:10
55,2025-04-10 01:16:10
55,2025-04-10 01:16:10
55,2025-04-10 01:16:10
55,2025-04-10 01:16:10
55,2025-04-10 01:16:10
55,2025-04-10 01:16:10
55,2025-04-10 01:16:10
55,2025-04-10 01:16:10
55,2025-04-10 01:16:10
55,2025-04-10 01:16:10
55,2025-04-10 01:16:11
55,2025-04-10 01:16:11
55,2025-04-10 01:16:11
55,2025-04-10 01:16:11
55,2025-04-10 01:16:11
55,2025-04-10 01:16:11
55,2025-04-10 01:16:11
55,2025-04-10 01:16:11
55,2025-04-10 01:16:11
55,2025-04-10 01:16:12
55,2025-04-10 01:16:12
55,2025-04-10 01:16:12
55,2025-04-10 01:16:12
55,2025-04-10 01:16:12
55,2025-04-10 01:16:12
55,2025-04-10 01:16:12
55,2025-04-10 01:16:12
55,2025-04-10 01:16:12
55,2025-04-10 01:16:12
55,2025-04-10 01:16:13
55,2025-04-10 01:16:13
55,2025-04-10 01:16:13
55,2025-04-10 01:16:13
55,2025-04-10 01:16:13
55,2025-04-10 01:16:13
55,2025-04-10 01:16:13
55,2025-04-10 01:16:13
55,2025-04-10 01:16:13
55,2025-04-10 01:16:13
55,2025-04-10 01:16:13
55,2025-04-10 01:16:14
55,2025-04-10 01:16:14
55,2025-04-10 01:16:14
55,2025-04-10 01:16:14
55,2025-04-10 01:16:14
55,2025-04-10 01:16:15
55,2025-04-10 01:16:16
55,2025-04-10 01:16:17
55,2025-04-10 01:16:18
55,2025-04-10 01:16:19
55,2025-04-10 01:16:19
55,2025-04-10 01:16:20
55,2025-04-10 01:16:22
55,2025-04-10 01:16:24
55,2025-04-10 01:16:24
55,2025-04-10 01:16:24
55,2025-04-10 01:16:25
55,2025-04-10 01:16:25
55,2025-04-10 01:16:25
55,2025-04-10 01:16:25
55,2025-04-10 01:16:25
55,2025-04-10 01:16:25
55,2025-04-10 01:16:26
55,2025-04-10 01:16:26
55,2025-04-10 01:16:26
55,2025-04-10 01:16:26
55,2025-04-10 01:16:26
55,2025-04-10 01:16:26
55,2025-04-10 01:16:27
55,2025-04-10 01:16:27
55,2025-04-10 01:16:27
55,2025-04-10 01:17:22
55,2025-04-10 01:17:23
55,2025-04-10 01:17:23
55,2025-04-10 01:17:24
55,2025-04-10 01:17:24
55,2025-04-10 01:17:24
55,2025-04-10 01:17:24
55,2025-04-10 01:17:24
55,2025-04-10 01:17:24
55,2025-04-10 01:17:25
55,2025-04-10 01:17:25
55,2025-04-10 01:17:25
55,2025-04-10 01:17:25
55,2025-04-10 01:17:25
55,2025-04-10 01:17:25
55,2025-04-10 01:17:25
55,2025-04-10 01:17:26
55,2025-04-10 01:17:26
55,2025-04-10 01:17:26
55,2025-04-10 01:17:26
55,2025-04-10 01:17:26
55,2025-04-10 01:17:26
55,2025-04-10 01:17:26
55,2025-04-10 01:17:27
55,2025-04-10 01:17:27
55,2025-04-10 01:17:27
55,2025-04-10 01:17:27
55,2025-04-10 01:17:27
55,2025-04-10 01:17:27
55,2025-04-10 01:17:28
55,2025-04-10 01:17:28
55,2025-04-10 01:17:28
55,2025-04-10 01:17:28
55,2025-04-10 01:17:28
55,2025-04-10 01:17:28
55,2025-04-10 01:17:28
55,2025-04-10 01:17:28
55,2025-04-10 01:17:29
55,2025-04-10 01:17:29
55,2025-04-10 01:17:29
55,2025-04-10 01:17:29
55,2025-04-10 01:17:29
55,2025-04-10 01:17:29
55,2025-04-10 01:17:30
55,2025-04-10 01:17:30
55,2025-04-10 01:17:30
55,2025-04-10 01:17:30
55,2025-04-10 01:17:30
55,2025-04-10 01:17:30
55,2025-04-10 01:17:30
55,2025-04-10 01:17:31
55,2025-04-10 01:17:31
55,2025-04-10 01:17:31
55,2025-04-10 01:17:31
55,2025-04-10 01:17:31
55,2025-04-10 01:17:32
55,2025-04-10 01:17:32
55,2025-04-10 01:17:32
55,2025-04-10 01:17:32
55,2025-04-10 01:17:32
55,2025-04-10 01:17:32
55,2025-04-10 01:17:33
55,2025-04-10 01:17:33
55,2025-04-10 01:17:33
55,2025-04-10 01:17:34
55,2025-04-10 01:17:35
55,2025-04-10 01:17:35
55,2025-04-10 01:17:37
55,2025-04-10 01:17:38
55,2025-04-10 01:17:38
55,2025-04-10 01:17:38
55,2025-04-10 01:17:38
55,2025-04-10 01:17:39
55,2025-04-10 01:17:41
55,2025-04-10 01:17:41
55,2025-04-10 01:17:41
55,2025-04-10 01:17:42
55,2025-04-10 01:17:43
55,2025-04-10 01:17:45
55,2025-04-10 01:17:45
55,2025-04-10 01:17:46
55,2025-04-10 01:17:46
55,2025-04-10 01:17:46
55,2025-04-10 01:17:46
55,2025-04-10 01:17:46
55,2025-04-10 01:17:46
55,2025-04-10 01:17:47
55,2025-04-10 01:17:47
55,2025-04-10 01:17:47
55,2025-04-10 01:17:47
55,2025-04-10 01:17:47
55,2025-04-10 01:17:47
55,2025-04-10 01:17:47
55,2025-04-10 01:17:47
55,2025-04-10 01:17:48
